ISO3,Country/Region,unit,1991,1992,1993,1994,1995,1996,1997,1998,1999,2000,2001,2002,2003,2004,2005,2006,2007,2008,2009,2010,2011,2012,2013,2014,2015,2016,2017,2018,2019,2020
CHN,China,MtCO2e,3039.78,3168.74,3398.46,3558.02,3961.46,3982.98,3978.52,4096.86,4029.26,4221.71,4430.46,4723.4,5395.93,6161.01,6934.07,7612.85,8221.63,8477.05,9051.17,9882.38,10382.27,10667.19,11154.26,11233.38,11097.28,11126.01,11366.6,11877.1,12085.05,12295.62
USA,United States,MtCO2e,5403.58,5487.86,5599.07,5693.42,5761.9,5933.25,6193.38,6241.11,6242.51,6405.57,6368.37,6215.68,6279.82,6362.59,6382.16,6293.17,6397.65,6211.3,5793.39,6063.3,5847.39,5628.8,5769.63,5816.48,5705.12,5783,5728.79,5935.52,5819.48,5289.13
IND,India,MtCO2e,1074.57,1099.48,1132.63,1177.9,1244.34,1293.39,1353.6,1383.29,1461.25,1499,1747.32,1766.72,1811.43,1901.54,1973.19,2071.63,2218.68,2318,2471.7,2581.25,2619.73,2776.41,2840.44,3022.2,3041.47,3116.76,3241.44,3406.53,3380.31,3166.95
RUS,Russia,MtCO2e,2563.84,2404.96,2212.92,1977.72,1900.65,1858.96,1709.36,1712.17,1742.9,1797.28,1407.98,1410.52,1484.98,1480.39,1501.7,1541.34,1548.17,1556.86,1419.12,1509.01,1681.7,1659.67,1618.57,1607.17,1587.48,1717.74,1750.27,1843.24,1889.93,1799.98
IDN,Indonesia,MtCO2e,1161.96,1183.03,1199.29,1220.81,1257.55,1101.48,2072.21,1304.17,1196.77,1128.24,957.49,1440.37,1107.33,1459.03,1187.32,1610.81,1051.98,1037.5,1434.93,1082.12,1641.84,1661.05,1597.66,1973.8,2022.03,1384.26,1395.33,1641.42,1913.58,1475.83
BRA,Brazil,MtCO2e,1664.23,1674.22,1685.63,1702.5,1729.29,1732.8,1764.52,1800.27,1811.5,1813.94,1904,1941.57,1955.42,2002.36,2016.91,2006.99,2044.52,2045.15,2017.82,2122.88,1286.3,1330.37,1354.14,1395.95,1379.88,1464.26,1486.01,1443.29,1467.48,1469.64
JPN,Japan,MtCO2e,1121.91,1135,1128.35,1186.05,1201.39,1216.18,1204.18,1157.8,1187.78,1202.66,1158.68,1189.07,1195.78,1185.71,1192.22,1171.67,1206.97,1137.15,1079.49,1136.98,1243.62,1287.06,1302.82,1255.98,1219.3,1226.53,1209.79,1166.41,1125.76,1062.78
IRN,Iran,MtCO2e,327.85,349.66,356.78,388.04,397.63,412.83,430.44,432.02,467.33,494.69,484.25,498.19,533.84,568.98,608.37,649.41,681.68,688.19,709.29,711.86,765.9,765.33,786.88,812.67,812.28,849.42,879.04,891.76,856.71,844.71
CAN,Canada,MtCO2e,622.67,637.06,633.07,651.17,666.72,688.72,700.45,716.81,716.09,733.98,959.65,980.74,1002.7,999.55,1013.23,1002.12,1035.59,1011.07,976.14,993.17,843.7,844.21,856.35,864.27,863.46,763.06,779.98,798.87,781.78,731.54
SAU,Saudi Arabia,MtCO2e,272.53,290.13,287.76,287.33,286.2,301.64,307.8,323.98,328.28,344.72,348.57,366.46,387.52,404.87,425.13,447.64,467.56,507.31,519.92,564.85,596.45,632.99,649.1,692.68,726.21,734.31,728.09,715.86,720.67,712.59
COD,Democratic Republic of the Congo,MtCO2e,434.95,435.07,436.55,438.07,438.11,428.94,435.61,437.49,429.59,425.82,421.45,435.56,443.92,447.32,447.72,450.46,442.6,447.28,446.76,450.03,683.91,679.82,683.93,684.35,687.14,687.28,688.95,682.44,686.72,688.06
DEU,Germany,MtCO2e,1069.65,1024.26,1015.75,1006.17,1001.83,1031.85,994.71,971.83,933.74,926.16,977.91,961.7,962.78,946.12,924.16,932.95,904.52,907.34,850.86,881.31,840.75,853.95,870.32,829.47,834.14,836.97,819.67,791,740.08,681.18
KOR,South Korea,MtCO2e,266.42,291.85,323.52,351.76,384.7,412.8,438.7,373.45,411.34,459.88,453.54,458.96,466.96,492.62,487.96,496.26,506.15,519.03,532.97,584.93,618.62,622.01,622.42,611.96,632.92,647.92,661.65,668.67,653.38,613.54
MEX,Mexico,MtCO2e,453.72,456.7,474.12,500.82,480.09,499.27,523.23,556.56,540.36,567.4,474.84,485.25,512.07,519.4,543.34,563.12,574.42,578.16,567.53,584.34,688.09,693.4,680.12,673.09,689.34,698.62,696.29,666.45,676.87,609.07
AUS,Australia,MtCO2e,546.09,547,549.18,554.99,563.36,565.06,575.67,602.25,642.23,660.97,667.51,664.29,587.87,639.4,601.49,649.29,649.59,620.49,638.23,619.73,661.98,662.98,578.02,594.51,594.35,604.94,651.17,646.62,636.3,585.42
ZAF,South Africa,MtCO2e,330.79,327.12,337.39,344.1,356.75,368.08,383.79,392.44,372.12,375.8,409.28,424.51,448.13,476.47,476.78,479.36,500.72,533.78,512.17,535.19,519.26,539.32,549.29,561.56,537.03,537.69,551.25,555.29,562.29,508.38
TUR,Türkiye,MtCO2e,190.96,198.45,204.74,199.9,214.4,232.11,241.1,242.32,242.2,266.14,218.22,228.49,239.99,246,258.46,287.68,317.29,314.44,317.97,328.18,334.29,349.84,340.7,366.06,374.19,432.16,474.47,474.88,462.83,476.34
VNM,Vietnam,MtCO2e,4.41,7,12.29,17.18,24.73,32.45,40.02,51.5,55.58,63.11,157.44,173.32,178.59,198.32,207.44,211.11,225.07,234.52,256.94,275.5,238.68,240.34,254.97,269.15,290.84,321.21,329.08,386.71,441.96,458.14
THA,Thailand,MtCO2e,183.75,196.29,214.12,229.28,247.72,268.19,277.84,258.7,269.96,270.14,236.24,249.35,259.74,282.61,289.7,293.1,310.28,311.37,308.14,330.2,362.41,386.48,395.7,393.21,396.51,422.51,430.74,432.77,449.47,451.42
PAK,Pakistan,MtCO2e,172.03,181.65,191.22,197.83,208.65,215.79,222.45,226.25,239.29,241.64,244.12,250.5,259.93,277.38,286.37,305.72,322.98,324.37,336.63,330.24,337.72,341.87,353.44,366.77,381.09,407.2,433.73,429.02,434.52,443.6
GBR,United Kingdom,MtCO2e,770.32,752.53,734.26,731.86,724.11,745.84,725.57,723.42,699.68,701.79,711.88,693.65,702.4,697.02,690.82,687.09,671.69,651.07,594.77,607.41,565.57,585.43,567.81,528.21,512.98,493,476.57,468.34,452.15,411.12
ARG,Argentina,MtCO2e,301.3,306.21,307.07,310.8,313.62,325.29,330.89,336.22,343.72,343.07,385.45,381.84,404.05,420.08,423.62,438.16,450.42,455.03,434.45,440.02,420.98,426.06,435.95,433.56,440.49,407.88,412.22,410.34,406.66,394.76
NGA,Nigeria,MtCO2e,298.81,314.51,311.82,307.11,311.07,339.18,331.75,314.12,301.4,313.38,310.22,292.48,313.69,315.85,320.84,308.87,298.43,302.96,290.27,317.84,327.14,330.24,342.58,352.27,345.84,353.59,357.48,366.96,378.56,369.38
MYS,Malaysia,MtCO2e,199.14,201.87,208.46,216.34,223.49,233.14,244.45,273.83,251.47,262.89,253.83,269.73,279.28,304.38,317.95,313.55,338.04,349.45,345.44,357.74,133.34,135.13,155.61,188.05,173.69,359.35,344.25,367.03,374.09,367.76
ITA,Italy,MtCO2e,446.29,443.29,437.33,432.43,457.83,454.39,458.26,469.67,477.2,482.62,481.01,490.3,509.1,520.78,522.1,510.16,503.32,488.28,439.28,447.87,437.33,419.16,387.19,367.54,379.14,396.47,391.2,386.15,377.08,339.21
POL,Poland,MtCO2e,423.19,412.94,413.49,408.34,408.08,422.66,412.21,383.34,372.65,358.97,298.44,291.95,303.38,307.46,308.87,323.23,323.76,317.55,302.74,321.18,361.8,354.82,349.03,335.81,338.97,343.96,357.31,355.52,337.91,320.92
FRA,France,MtCO2e,496.98,482.42,463.46,457.73,466.4,486.13,476.79,492.82,483.63,482.03,445.8,438.84,443.99,442.18,443.48,433.64,426.95,420.92,403.06,407,396.23,399.86,400.78,367.33,372.72,372.24,375.56,360.98,351.6,314.57
EGY,Egypt,MtCO2e,143.25,145.76,151.33,147.59,157.1,164.48,173.13,178.87,188.33,187.49,200.62,205.97,211.11,224.05,244.48,255.44,270.41,279.65,286.8,289.21,297.61,308.13,305.27,310.97,317.13,327.64,337.92,331.54,307.64,299.96
KAZ,Kazakhstan,MtCO2e,306.51,309.05,272.6,250.79,222.29,197.46,175.03,175.57,161.66,161.44,160.57,188.69,199.95,218.27,232.79,252.63,265.22,312.82,285.23,305.57,312.35,310.46,325.46,276.36,257.16,273.35,296.63,296.72,283.98,291.82
COL,Colombia,MtCO2e,218.85,222,226.97,229.44,233.64,233.69,239.78,241.85,230.34,234.49,223.82,221.87,223.64,225.57,226.14,226.95,232.41,233.7,237.25,242.52,222.49,220.57,228.88,232.56,231.77,262.11,257.52,266.74,269.55,270.31
DZA,Algeria,MtCO2e,126.56,127.21,135.62,137.87,144.32,147.82,147.08,148.96,153.25,162.77,156.77,163.22,176.59,180.39,187.74,195.39,198.76,203.82,205.68,208.56,215.86,234.41,239,251.73,261.12,263.19,266.11,274.38,279.43,267.01
IRQ,Iraq,MtCO2e,59.41,84.06,110.85,126.28,124.37,122.72,152.07,136.01,122.64,139.45,149.45,138.51,118.29,134.57,130.56,130.18,125.37,141.38,151.47,167.46,177.52,201.99,214.7,213.23,220.46,240.34,255.61,268.86,286.46,261.79
ESP,Spain,MtCO2e,239.03,248.88,234.07,246.98,260.7,254.09,275.54,284.99,309.58,326.9,348.6,365.3,374.3,390.41,405.06,399.06,415.34,382.03,345.93,331,341.95,335.52,309.12,307.85,318.39,302.82,319.43,312.92,295.49,256.41
ARE,United Arab Emirates,MtCO2e,87.04,85.01,89.21,97.92,102.9,107.32,110.65,112.8,114.11,114.7,128.62,130.41,138.69,146.81,156.12,163.49,174.31,200.15,199.98,207.64,215.07,226.42,238.37,240.98,253.03,260.39,251.24,234.35,248.67,249.93
MMR,Myanmar,MtCO2e,204.85,207.58,210.26,212.89,216.03,211.71,209.38,215.7,220.83,217.72,197.95,196.69,209.55,224.13,214.12,218.45,229.26,214.63,225.77,231.22,200.48,209.55,211.68,219.88,226.38,218.75,233.22,236.7,238.65,246.64
VEN,Venezuela,MtCO2e,452.08,454.21,461.67,466.51,492.99,520.94,540.55,541.78,518.95,535.48,483.18,465.94,450.92,474.38,494.65,492.85,488.33,504.37,492.87,496.84,514.4,549.73,552.48,547.72,523.98,430.86,394.21,352.99,301.85,237.63
PHL,Philippines,MtCO2e,97.66,99.72,105.17,112.3,124.12,132.63,140.75,134.19,139.78,141.03,140.13,141.92,145.05,148.53,149.62,143.16,149.34,152.41,155.3,160.85,162.54,167.62,178.57,186.22,195.1,206.68,223.81,230.34,237.84,227.52
UKR,Ukraine,MtCO2e,744.03,654.89,571.43,481.77,458.38,397.59,373.75,345.88,339.11,328.12,353.63,358.18,382.92,356.73,343.66,350.99,360.1,349.01,294.12,313.69,339.86,332.64,328.07,293.99,244.69,258.4,232.34,243.94,233.09,224.44
BGD,Bangladesh,MtCO2e,110.23,112.3,113.66,116.22,121.34,121.79,124.07,123.99,128.07,129.43,135.74,139.15,141.15,142.96,147.84,153.78,156.51,165.11,169.09,176.73,182.03,186.9,192.19,197.18,205.43,212.54,222.52,231.97,229.71,224.35
ETH,Ethiopia,MtCO2e,93.79,94.63,88.75,89.95,90.79,93.52,97.52,103.24,104.06,100.36,106.64,116.18,114.64,116.75,120.28,125.06,135.11,138.9,142.96,148.17,148.29,153.96,158.2,164.52,167.79,174.17,177.41,180.07,191.33,199.27
TKM,Turkmenistan,MtCO2e,145.04,100.25,110.39,89.36,90.23,87.26,71.82,73.66,92.43,117.81,119.81,128.13,144.32,152.34,157.05,157.27,170.69,178.13,135.59,151.29,182.46,190.72,199.58,197.35,203.46,198.24,196.84,199.52,216.21,194.09
UZB,Uzbekistan,MtCO2e,169.09,157.64,160.33,158.02,148.06,149.37,153.64,170.62,170.93,177.8,169.41,175.7,168.06,171.91,164.92,175.84,170.94,180.12,167.15,178.26,189.62,174.19,172.83,164.93,159.95,168.7,174.02,181.47,186.84,184.15
PER,Peru,MtCO2e,103.14,103.8,104.89,107.26,112.18,115.86,116.82,117.66,121.87,122.48,125.58,127.52,127.47,131.45,133.1,132.43,136.4,141.26,145.34,149.92,177.92,178.24,180.1,183.8,185.54,189.17,186.81,186.99,190.31,179.78
NLD,Netherlands,MtCO2e,217.67,217.01,221.57,221.55,224.42,235.29,227.23,227.44,215.15,213.16,213.93,213.66,213.54,215.24,209.48,204.83,204.32,201.64,196.57,207.22,194.3,192.68,192.35,185.15,193.4,194.3,190.29,184.43,178.85,162.55
TZA,Tanzania,MtCO2e,98.19,98.31,98.93,99.67,103.85,96.44,96.1,100.32,100.44,97.86,103.29,109.06,117.94,117.27,123.43,117.89,119.8,122.49,124.68,127.57,129.3,133.74,135.54,135.79,141.96,153.33,153.04,151.84,156.97,158.82
KWT,Kuwait,MtCO2e,10.55,32.41,46.77,54.45,54.22,54.21,56.8,61.57,64.32,70.11,73.18,74.97,80.22,85.44,94.62,98.3,96.36,103.25,103.43,107.6,113.29,117.81,122.07,121.29,125.79,131.4,130.51,134.81,137.49,135.89
BOL,Bolivia,MtCO2e,115,115.81,114.55,113.72,112.29,111.84,114.29,114.25,119.98,110.4,90.09,96.96,93.32,108.56,102.56,104.49,110.72,104.1,102.14,128.12,113.02,113.51,113.31,113.55,117.14,128.19,126.26,126.68,139.18,131.43
CMR,Cameroon,MtCO2e,84.47,84.01,81.5,134.6,134.21,135.56,136.44,140.42,139.23,140.78,126.39,126.46,129.66,126.26,128.88,126.16,126.66,127.19,126.67,127.05,118.75,118.92,120.9,121.8,123.72,125.54,124.89,125.68,126.77,128.4
SDN,Sudan,MtCO2e,71.09,74.74,76.7,81.38,82.52,87.22,94.9,101.68,105.85,106.32,95.28,100.42,102.94,105.93,110.89,109.98,115.5,115.75,117.45,115.38,118.04,119.42,120.26,121.25,124.64,127.25,126.93,127.87,128.19,128.14
QAT,Qatar,MtCO2e,19.32,19.13,21.94,24.46,25.22,27.85,34.92,36.4,39.51,40.41,40.08,44.07,47.92,51.85,53.56,60.23,68.22,73.84,76,86.7,97.69,106.66,108.73,113.52,116.59,119.02,119.44,119.19,121.51,119.61
AGO,Angola,MtCO2e,68.92,69.75,72.68,75.64,78.78,81.71,80.81,90.24,87.8,81.57,104,108.15,114.75,118.2,118.91,116.62,121.3,124.26,127.06,131.8,130.99,130.23,132.34,134.32,140.55,137.55,136.1,122.18,129.96,119.41
TCD,Chad,MtCO2e,30.71,31.57,32.49,33.51,34.51,37.95,39.67,44.23,46.06,46.34,50.51,54.76,59.02,62.21,65.58,66.98,69.36,69.71,69.68,73.14,84.75,88.17,89.87,92.33,97.02,99.75,101.55,105.93,108.75,114
ZWE,Zimbabwe,MtCO2e,42.85,43.68,40.13,39.85,39.67,41.71,40.83,42.12,44.46,41.46,42.31,39.71,37.38,37.44,38.21,37.16,37.73,35.91,36.58,39.45,42.13,42.23,42.19,40.34,41.86,115.32,115,116.76,116.03,113.2
MOZ,Mozambique,MtCO2e,84.68,85.33,86.05,86.34,86.59,71.41,69.16,72.22,71.06,68.88,87.05,87.26,92.5,91.53,96.69,95.45,96.51,101.79,96.17,104.96,94.15,98.95,100.48,99.99,98.39,109.32,107.7,110.99,105.99,103.81
CZE,Czech Republic,MtCO2e,158.86,154.29,146.91,140.11,138.89,142.91,139.9,132.93,124.42,136.38,138.66,133.1,136.37,136.65,135.14,136.19,138,132.56,126.62,127.89,128.57,125.08,119.84,117.13,119.02,118.6,118.66,117.4,112.1,102.64
BEL,Belgium,MtCO2e,131.82,129.87,127.67,133.03,133.19,138.54,135.36,138.12,134.27,134.3,135.73,128.4,131.79,129.67,126.94,123.03,118.24,120.96,114.45,121.93,110.83,109.61,110.55,104.43,109.08,110.53,108.39,109.15,108.29,100.27
PRY,Paraguay,MtCO2e,72.27,71.56,71.75,71.71,73.68,73.5,74.67,74.8,77.91,73.27,89.41,89.79,91.45,89.22,90.65,90.73,94.24,92.04,94.08,96.58,109.66,110.88,112.48,114.29,114.68,93.54,96.37,94.52,96.7,97.29
OMN,Oman,MtCO2e,24.33,24.16,25.55,27.46,30.85,31.77,33.03,32.24,35.16,39.43,43.18,44.84,46.64,45.91,45.95,54.22,57.1,56.72,59.69,64.02,71.4,79.58,83.5,87.08,91.49,94.85,94.13,99.28,99.97,95.1
ECU,Ecuador,MtCO2e,74.83,77.36,79.02,82.28,84.75,88.87,90.76,89.05,86.2,85.57,82.74,82.32,83.54,87.89,89.62,92.12,91.7,93.43,96.84,100.43,89.14,89.01,92.1,93.81,92.15,100.23,98.86,100.11,100.26,94.19
ZMB,Zambia,MtCO2e,62.1,62.25,61.81,61.08,60.86,48.79,49.28,50.53,48.87,45.42,53.49,56.91,63.38,64.05,66.91,61.7,64.64,67.48,63.53,70.5,84.57,88.3,89.5,90.13,96.24,94.8,95.11,93.86,94.15,91.19
BLR,Belarus,MtCO2e,123.68,108.91,96.14,83.02,75.33,76.15,76.67,74.86,72.92,70.37,76.82,76.35,77.32,80.99,81.8,84.99,83.68,87.73,84.79,89.41,95.15,96.75,97.34,96.59,92.11,86.11,87.61,90.5,88.73,86.3
MAR,Morocco,MtCO2e,33.22,34.32,34.01,37.13,37.82,38.49,40.4,41.3,43.48,44.55,48.47,49.99,49.97,54.6,57.58,59.54,60.28,62.77,62.81,66.22,74.25,76.06,76.55,77.74,79.92,78.2,82.48,83.85,90.6,86.1
ISR,Israel,MtCO2e,45.15,47.95,52.02,55.36,59.21,62.33,65.36,66.72,68.93,73.82,73.68,75.65,76.46,77.56,76.2,80.47,83.62,84.29,83.76,89.22,88.97,95.5,87,85.15,87.26,87.17,88.72,85.08,87.27,83.75
PRK,North Korea,MtCO2e,153.64,139.15,129.62,118.39,109.37,97.47,93.41,86.52,90.69,93.92,92.21,89.66,91.36,93.89,97.23,99.42,86.53,94.68,78.19,75.36,62.79,64.11,53.36,57.37,50.86,54.33,81.28,77.64,82.75,79.44
MNG,Mongolia,MtCO2e,56.51,54.28,53.08,51.27,52.21,51.63,53.83,53.48,53.6,54.77,51.47,49.68,49.45,49.3,52.07,55,57.76,57.98,59.07,56.34,59.14,62.51,65.03,67.58,69.02,71.17,73.99,75.87,79.41,76.38
LBY,Libya,MtCO2e,84.39,75.89,83.6,97.77,105.86,108.69,101.1,100.72,98.66,102.69,98.94,98.3,107.03,110.33,119.49,121.78,117.7,122.3,119.68,126.23,70.06,124.55,108.12,92.39,82.79,79.81,100.22,109.31,114.3,75.37
KHM,Cambodia,MtCO2e,24.96,25.49,26.31,25.07,27.77,23.59,24.92,28.44,28.03,26.37,27.4,30.02,32.56,33.46,31.38,35.24,36.21,35.92,37.5,36.35,100.66,98.68,98.77,99.27,101.54,67.77,70.13,69.61,74.08,74.85
ROU,Romania,MtCO2e,185.85,166.25,155.48,151.44,157,160.67,149.18,133.19,117.41,121.41,123,120.1,125,123.34,122.76,126.35,124,122,106.24,103.37,-174.45,-176.75,-186,-186.66,-184.38,76.35,79.34,80.54,78.94,72.84
KEN,Kenya,MtCO2e,29.55,29.53,29.29,29.64,29.93,29.29,29.03,30.26,32.25,31.22,49.88,50.76,51.77,54.32,54.74,55.15,71.73,72.82,73.3,74.73,69.85,68.94,69.84,72.93,74.93,64.42,62.21,63.25,71.03,72.62
NZL,New Zealand,MtCO2e,46.17,47.01,46.2,47.67,48.95,49.35,51.87,50.19,52.45,52.62,58.39,59.55,62.07,61.45,62.86,63.01,61.89,61.85,58.98,59.12,64.7,67.16,66.79,67.41,66.79,71.5,73.12,72.51,73.89,70.86
SSD,South Sudan,MtCO2e,39.73,42.12,44,45.97,46.76,51.19,56.54,62.18,65.68,67.58,62.04,65.89,68.88,71.36,74.72,73.58,77.64,78.67,80.69,79.94,76.31,60.99,61.15,62.39,62.8,66.55,64.09,69.18,61.46,70.61
GRC,Greece,MtCO2e,94.34,96.41,96.77,99.4,103.82,104.91,105.99,110.19,111.09,116.89,117.26,117.54,120.75,120.81,122.84,121.29,125.2,120.78,114.21,107.34,106.75,102.3,94.63,91.55,89.81,88.53,88.13,85.41,79.93,70.56
IRL,Ireland,MtCO2e,65.09,65.26,65.91,67.33,68.11,69.43,70.8,74.09,75.77,78.94,81.51,80.09,80.98,80.17,81.42,82,80.49,79.4,73.99,72.76,68.67,70.11,69.25,69.57,71.4,73.75,72.91,70.6,68.58,66.46
SGP,Singapore,MtCO2e,33.99,36.62,43.08,46.6,47.91,49.3,49.4,48.74,49.95,54.81,54.73,53.98,50.83,52.29,49.57,50,51.28,51.58,52.14,55.9,58.94,58.54,59.44,60.61,62.33,62.69,65.77,64.36,65.04,64.3
AUT,Austria,MtCO2e,67.61,61.79,61.72,61.79,64.27,67.99,67.02,66.99,65.17,65.4,77.02,78.52,83.45,84.34,84.39,82.18,79.23,78.98,71.79,77.58,74.86,71.42,72.03,68.27,69.55,69.85,71.77,68.66,69.7,64.09
SRB,Serbia,MtCO2e,69.09,63.72,57.99,54.28,60.83,68.45,73.39,73.15,55.68,57.71,27.36,30.74,33.79,39.12,31.42,33.63,32.57,30.33,27.87,27.4,64.48,59.63,60.35,52.36,58.68,62.89,63.27,61.57,62.08,62.81
FIN,Finland,MtCO2e,44.39,41.29,42.53,49.17,45.21,51.68,49.79,46.23,45.76,44.69,65.87,68.26,76.59,72.82,60.53,72.17,70.21,62.01,58.59,66.72,19.24,13.65,14.43,10.41,6.94,70.93,68.21,69.77,66.6,61.7
HUN,Hungary,MtCO2e,86.01,76.12,76.59,76.31,74.62,76.84,75.15,75.07,75.86,72.88,75.77,74.14,76.88,75.71,75.02,74.3,72.13,70.75,64.91,64.87,63.19,59.32,56.96,57.25,60.18,61.49,66.51,66.09,63.89,61.39
BFA,Burkina Faso,MtCO2e,24.47,24.76,24.99,25.44,25.8,26.96,27.57,28.4,28.38,29.78,31.56,32.24,35.65,36.18,36.79,36.8,37.51,38.31,38.96,40.1,29.94,30.62,31.61,32.09,33.24,52.94,53.89,54.76,55.74,56.36
PRT,Portugal,MtCO2e,59.42,63.46,62.37,64.28,68.04,66.45,68.78,73.97,80.68,80.2,78.6,83.23,78.68,80.43,83.62,78.47,77.08,74.83,74.04,68.64,66.35,64.66,62.97,62.56,66.68,66.78,71.73,66.89,61.84,56.01
CAF,Central African Republic,MtCO2e,50.89,50.94,50.99,53.49,53.62,38.24,41.53,46.74,43,44.22,57.03,52.3,68.85,55.51,63.37,61.99,64.79,64.11,51.62,60.57,63.43,58.2,56.15,52.59,55.05,63.58,57.68,57.54,55.64,55.52
BHR,Bahrain,MtCO2e,15.59,17.79,18.78,19.23,19.95,21.2,22.2,23.95,24.54,25.62,26.45,27.65,28.72,28.96,32.24,34.71,35.91,38.4,38.94,40.9,41.6,43.19,46.01,48.1,48.87,49.46,50.34,51.25,54.19,54.15
UGA,Uganda,MtCO2e,28.14,28.38,28.73,28.38,29.04,29.79,31.15,32.57,32.38,32.16,31.78,32.53,34.25,34.19,36.18,34.72,37.39,43.58,43.89,45.36,45.61,47.22,47.11,48.13,49.79,49.86,50.63,51.89,52.61,53.61
BWA,Botswana,MtCO2e,53.27,53.5,53.16,53.39,54.29,55.87,55.42,55.13,55.1,54.77,56.6,56.94,49.82,50.42,51.83,53.65,51.9,60.63,51.56,62,66.85,54.15,55.09,53.8,53.18,52.08,55.84,54.43,51.76,53.52
AZE,Azerbaijan,MtCO2e,71.49,80.83,60.27,40.88,40,34.51,34.07,34.6,34.86,36.63,35.78,35.85,38.56,38.63,41.72,44.11,43.27,47.75,43.61,42.51,43.94,46.99,48.19,49.42,49.29,50.57,49.85,51.26,54.62,53.45
CIV,Côte d'Ivoire,MtCO2e,71.61,74.25,76.93,79.76,80.63,81.6,83.35,84.12,86.32,86.32,51.52,51.92,49.26,47.67,49,48.04,47.47,47.01,45.56,45.23,44.86,46.49,47.92,47.81,48.62,50.13,50.65,50.55,51.66,52.47
PNG,Papua New Guinea,MtCO2e,29.85,30.9,31.96,32.84,35.89,35.37,49.88,36.17,37,38.02,37.78,38.53,38.5,39.67,38.17,38.19,38.12,37.68,37.87,37.87,45.93,46.6,47.8,49.36,52.14,51.71,51.78,52.89,53.26,51.65
CHL,Chile,MtCO2e,27.71,29.3,31.98,36.05,39.74,46.23,53.42,54.46,57.36,53.38,32.45,33.16,33.86,39.23,39.88,41.14,48.9,53.78,51.29,56.4,17.66,20.06,23.21,15.89,22.01,49.46,51.35,50.16,56.37,49.69
NPL,Nepal,MtCO2e,20.13,19.85,20.66,21.38,22.47,22.48,22.88,23.51,24.84,25.12,22.76,21.87,23.17,23.22,23.94,23.43,23.5,24.93,26.83,28.11,36.07,37.6,38.29,39.68,38.66,45.1,46.12,48.24,48.4,48.48
SYR,Syria,MtCO2e,80.07,85.14,88.77,92.06,95.8,97.66,97.31,100.43,99.88,99.56,99.41,101.35,100.75,93.43,103.38,105.4,108.19,108.76,104.29,103.73,98.57,74.14,51.56,45.61,43.83,43.53,45.71,47.04,47.61,47.12
SLB,Solomon Islands,MtCO2e,4.31,4.32,4.34,4.36,4.37,4.39,4.4,4.42,4.43,4.45,2.25,2.27,2.28,2.31,2.33,2.35,2.37,2.39,2.41,2.43,-17.06,-17.04,-16.99,-17.02,-17.04,46.21,46.24,46.27,46.3,46.25
NER,Niger,MtCO2e,19.1,19.59,20.25,20.75,21.33,22.11,22.78,23.71,24.3,24.82,21.08,21.87,22.77,23.63,24.53,25.46,26.66,27.88,29.22,29.33,30.35,32.39,34.16,35.87,37.07,38.77,40.2,42.06,43.99,46.04
SOM,Somalia,MtCO2e,39,37.05,39.03,40.97,41.63,42.08,42.47,42.31,42.38,42.55,43.09,43.49,43.72,44.02,44.46,43.19,42.09,42.11,42.14,42.34,42.5,42.79,42.92,43.05,43.11,43.14,42.98,42.97,43.47,43.62
MLI,Mali,MtCO2e,17.42,17.5,17.74,18.02,18.4,18.77,19.6,23.82,24.89,23.39,20.46,20.94,21.72,24.07,24.85,25.02,26.03,27.64,27.38,29.1,29.84,30.83,32.02,33.16,34.42,37.82,38.49,39.74,41.16,43.49
LAO,Laos,MtCO2e,19.56,19.86,19.88,20.25,20.3,20.38,20.03,21.76,20.43,20.31,20.85,22.07,22.65,27.45,24.36,23.28,28.64,23.76,25.2,29.22,21.67,23.6,25.01,25.12,29.79,38.18,39.52,39.69,40.5,43.36
DNK,Denmark,MtCO2e,81.57,75.42,78.07,81.77,78.68,92.21,82.54,78.54,75.77,72.07,73.42,72.77,78.28,72.11,68.42,76.07,71.17,67.62,64.68,64.94,57.51,52.39,53.79,49.59,47.57,52.01,49.74,49.18,45.63,43.19
CHE,Switzerland,MtCO2e,54.17,54.1,51.73,50.84,51.76,52.38,50.92,52.48,52.61,51.86,52.62,50.95,52.17,52.66,53.38,53.09,51.17,52.79,51.35,52.92,48.96,50.26,51.29,47.48,46.7,47.18,46.2,44.96,44.74,42.25
GIN,Guinea,MtCO2e,19.34,19.67,20.03,20.44,20.85,20.3,20.73,22.2,21.77,22.21,23.2,24.37,24.62,24.64,26.12,26.46,26.81,27.43,27.88,30.13,31.51,32.81,32.85,33.35,33.97,37.72,38.16,38.42,40.71,41.79
MDG,Madagascar,MtCO2e,53.52,53.78,54.16,53.92,54.42,55.02,54.41,55.6,55.26,53.96,46.07,43.69,46.18,45.08,49.27,47.85,49.26,47.99,49.04,49.72,37.7,38.34,37.28,37.09,37.98,39.03,38.04,38.91,40.45,40.21
NIC,Nicaragua,MtCO2e,27.76,28.67,29.33,29.64,29.03,29.03,29.87,30.82,31.38,31.95,36.05,36.5,37.71,37.14,37.65,37.79,37.95,37.84,37.89,38.28,26.76,27.12,27.4,28.36,29.27,38.18,37.91,37.86,38.2,38.15
TUN,Tunisia,MtCO2e,21.78,23.11,23.32,23.03,23.53,24.9,25.42,26.86,28.36,29.72,30.21,30.41,30.21,31.55,32.27,33.41,34.99,35.47,35.78,38.25,41.92,44.51,43.77,46.31,46.76,37.84,38.16,38.68,38.82,37.1
LKA,Sri Lanka,MtCO2e,28.04,29.81,30.13,30.9,31.02,30.95,28.97,26.48,25.9,25.14,22.76,23.62,24.79,24.92,26.86,25.31,26.24,26.5,25.65,26.93,27.69,29.57,26.68,29.33,31.8,36.55,35.65,35.09,37.26,36.9
GTM,Guatemala,MtCO2e,28.27,29.47,30.12,30.32,31.35,31.61,31.87,35.54,34.19,36.47,33.11,34.4,36.44,34.99,37.34,36.46,38.16,36.76,38.47,38.21,32.77,33.45,34.72,35.72,38.79,35.82,35.21,36.8,38.19,36.78
CUB,Cuba,MtCO2e,34.76,28.57,25.11,26.54,27.67,30.34,32.58,32.1,32.52,32.85,32.43,31.21,30.31,29.74,29.84,30.8,31.73,31.05,31.93,33.07,30.56,31.62,31.98,29.85,31.86,39.54,38.25,38.69,36.31,35.62
DOM,Dominican Republic,MtCO2e,9.62,11.09,11.59,13.57,14.07,14.99,16.67,18.61,19.21,19.91,26.02,28.45,26.12,25.41,26.73,28.65,29.85,30,29.49,30.85,31.99,32.8,32.57,32.92,35.35,36.2,35.46,37.7,38.2,35.5
SVK,Slovakia,MtCO2e,49.2,46.67,44.04,41.36,41.94,41.95,41.81,40.66,39.21,36.59,38.23,37.78,38.04,37.35,38.17,37.74,36.78,36.81,33.17,34.7,33.99,31.63,32.29,29.65,30.08,37.47,39.4,38.85,37.01,34.95
SEN,Senegal,MtCO2e,18.07,18.51,18.76,19.09,19.36,20.93,21.41,22.62,24.81,24.78,23.91,23.37,22.68,24.82,25.56,25.97,26.13,27.06,27.53,28.56,27.62,27.21,28.38,29.01,29.75,31.92,32.08,32.42,35.46,34.71
URY,Uruguay,MtCO2e,17.06,18.67,19.21,19.09,19.29,20.62,20.33,19.92,20.98,19.11,21.97,22.29,23.17,25.08,25.25,27.38,26.34,28.92,28.47,26.08,30.71,31.57,30.58,30.08,29.96,35.37,34.61,34.52,34.85,34.28
SWE,Sweden,MtCO2e,74.85,77.42,77.39,79.22,78.83,84.43,78.24,79.08,77.83,73.94,59.23,60.61,61.68,60.37,56.74,55.25,53.31,52.17,48.39,54.17,39.18,36.41,34.63,33.44,33.41,38.51,38.23,36.09,35.44,34.14
JOR,Jordan,MtCO2e,19.06,21.81,22.53,23.62,23.25,22.48,21.99,21.2,20.27,20.84,20.94,21.73,22.31,23.77,25.32,26.12,27.46,26.81,27.64,27.36,28.26,32.05,32.29,34.46,34.86,35.01,36.77,35.97,34.9,33.15
NOR,Norway,MtCO2e,32.37,32.56,34.99,36.9,36.79,36.93,38.66,39.93,41.95,36.39,28.86,28.4,30.45,30.77,29.77,30.1,30.44,29.13,28.73,31.34,34.13,33.79,34.53,34.61,35.28,34.73,34.4,33.76,32.82,31.33
AFG,Afghanistan,MtCO2e,9.51,9.16,9.29,9.34,9.79,10.84,11.83,12.68,13.59,11.82,12.73,15.38,16.08,15.69,16.76,17.39,18.34,21.47,24.44,28.71,32.2,30.68,30.18,30.92,31.37,31.02,31.91,32.74,32.89,31.27
COG,Republic of Congo,MtCO2e,19.03,19.33,18.81,17.77,18.63,18.79,19.54,20.99,21.58,21.8,21.14,18.85,20.45,21.12,23.21,24.79,22.34,22.84,24.07,26.14,26.14,25.33,24.9,24.21,25.03,25.84,26.15,29.02,30.35,29.63
LBN,Lebanon,MtCO2e,8.79,8.85,12.26,13.2,15.5,16.54,18.76,19.12,20.1,18.93,20.25,20.22,20.92,21.48,20.9,19.96,18.89,22.68,26.15,25.25,25.85,28.49,28.47,30.66,32.81,33.91,35.7,34.21,34.05,28.87
HND,Honduras,MtCO2e,17.4,17.71,17.52,18.2,18.97,18.47,18.88,19.43,18.28,18.78,18.81,19.26,22.27,21.56,22.49,22.78,23.53,23.76,23.77,23.7,26.6,26.58,26.9,27.43,28.02,27.98,26.61,26.83,27.89,27.67
BEN,Benin,MtCO2e,19.71,19.8,19.84,20.11,19.9,21.47,21.83,22.86,22.66,22.8,17.33,18.38,18.27,18.35,19.57,19.75,20.45,20.16,20.8,21.2,21.3,21.25,21.89,22.41,22.84,24.54,24.73,26.02,26.44,26.96
TTO,Trinidad and Tobago,MtCO2e,20.61,20.52,16.25,12.91,12.53,13.58,14.01,14.41,14.9,15.88,17.66,19.44,23.44,24.5,26.7,30.37,31.03,30.68,29.86,32.55,33.45,32.94,33.9,33.89,32.95,29.28,29.48,29.33,29.04,26.61
BIH,Bosnia and Herzegovina,MtCO2e,30.87,23.56,20.1,9.71,9.62,10.66,15.56,18.38,18.34,22.12,18.78,18.94,19.47,20.53,21.29,23.17,24.27,26.39,26.46,26.49,25.56,23.77,23.54,21.04,21.26,25.82,26.1,26.1,24.54,24.39
YEM,Yemen,MtCO2e,18.61,19.21,20.35,24.63,25.77,26.42,28.11,29.33,31.96,34.7,35.96,36.04,39.65,40.19,42.52,43.96,44.93,44.83,47.66,48.1,44.13,40.55,48.95,47.64,27.9,22.62,23.06,25.02,25.93,24.39
LTU,Lithuania,MtCO2e,53.56,38.62,32.72,30.68,29.11,29.89,29.66,30.55,27.79,26.09,26.02,26.37,26.54,27.47,28.6,28.73,29.75,29.18,25.59,26.39,19.76,19.69,18.79,18.29,18.55,24.01,23.92,24,24.12,24.13
NAM,Namibia,MtCO2e,19.82,19.78,19.75,19.95,20.05,19.92,19.76,20.47,20.51,21.32,21.31,19.92,20.57,21.05,21.65,22.94,22.29,20.88,23.8,23.2,28.18,29.73,22.91,22.16,22.22,22.88,22.94,22.18,21.35,24.12
PAN,Panama,MtCO2e,14.1,14.77,15.03,15.32,15.52,15.51,15.45,16.53,15.67,15.77,15.54,14.82,15.13,15.11,16.76,17.29,17.3,17.41,19,19.62,20.72,21.42,21.4,21.83,21.73,21.94,21.51,21.53,24.84,21.46
GAB,Gabon,MtCO2e,17.25,17.29,17.46,18.65,19.92,20.89,20.81,21.83,20.71,20,19.42,18.75,20.21,19.82,19.37,17.96,17.24,17.91,17.7,18.55,21.8,21.38,21.48,21.78,22.19,22.59,20.93,20.33,21.4,21.16
MWI,Malawi,MtCO2e,11.76,11.76,11.9,11.51,11.72,11.77,11.69,11.94,11.96,11.95,12.01,12.4,12.89,12.7,13.04,12.97,13.53,14.15,13.95,15.09,15.09,15.57,15.68,16.3,16.67,17.16,17.41,18.9,19.98,20.31
GUY,Guyana,MtCO2e,7.94,7.93,8.73,9.04,9.74,10,10.28,10.43,10.41,10.09,10.85,10.74,11.02,11.31,10.95,10.75,11.06,11.21,11.24,11.5,19.21,19.46,19.62,19.83,19.98,17.4,17.5,17.66,17.97,18.17
GEO,Georgia,MtCO2e,21.89,14.39,8.86,1.7,-1.36,-2.88,-3.7,-4.18,-4.43,-4.02,8.27,7.72,8.24,8.32,8.87,9.23,9.99,9.1,9.85,9.59,14.28,15.14,16.16,16.81,17.15,17.54,17.48,17.14,17.89,17.69
TJK,Tajikistan,MtCO2e,16.97,13.98,11.12,8.61,8,7.35,7.59,7.51,7.02,6.65,6.29,6.32,6.47,7.02,7.09,7.58,8.29,8.67,8.35,8.44,8.66,9.46,9.88,11.42,12.02,13.1,14.49,15.89,17.29,17.56
HRV,Croatia,MtCO2e,21.39,22.38,23.22,23.3,24.62,23.78,25.39,25.8,25.32,24.36,25.19,26.24,27.35,27.07,27.01,27.74,29.25,28.43,25.88,25.32,24.38,22.39,21.3,20.5,21.11,18.33,18.98,17.87,17.96,17.05
SVN,Slovenia,MtCO2e,6.9,6.62,7.36,7.41,8.24,9.04,9.51,9.25,8.59,8.39,7.2,7.28,7.24,7.44,7.69,8.03,8,8.97,7,7.29,16.13,15.52,14.89,13.39,13.48,17.27,17.45,17.32,16.9,15.65
LBR,Liberia,MtCO2e,14.24,14.27,14.26,14.26,14.27,14.18,14.22,14.3,14.21,14.26,14.25,14.25,14.4,14.43,14.5,14.78,14.59,14.58,15.57,14.85,15.05,15.13,15.12,15.85,16.7,15.73,15.62,15.46,15.84,15.62
EST,Estonia,MtCO2e,36.56,27.39,22.35,22.29,20.09,21,21.36,20.08,19.49,19.05,19.38,18.98,20.88,21.09,21.09,20.41,24.18,21.92,18.43,23.03,18.16,16.7,18.58,17.33,14.12,23.59,24.49,23.45,17.8,14.83
GHA,Ghana,MtCO2e,21.61,22.02,22.17,22.45,22.82,23.73,24.96,28.58,27.25,27.57,62.01,63.27,63.77,62.62,64.91,66.13,66.38,66.15,67.31,68.97,54.5,56.32,58.4,57.94,59.65,5.82,7.58,9.22,11.22,14.41
SUR,Suriname,MtCO2e,6.26,6.36,6.38,6.42,6.51,6.62,6.6,6.66,6.69,6,6.4,5.84,6.06,6.39,6.61,6.54,6.45,6.63,6.75,7.1,11.64,12.11,11.97,12.37,12.46,13.86,13.35,13,13.58,13.54
GNQ,Equatorial Guinea,MtCO2e,4.16,5.91,6.09,6.26,6.45,6.8,8.38,9.63,11.27,10.54,12.8,12.08,13.21,17.03,17.49,17.37,18.04,17.16,16.52,16.67,16.04,15.71,15.57,17.59,16.5,16.19,15.17,14.74,14.13,13.38
MDA,Moldova,MtCO2e,31.87,26.89,23.46,20.37,18.33,16.54,14.87,13.4,12.04,11.19,10.72,10.86,11.46,11.44,11.75,11.41,11.63,11.5,10.82,11.73,12.44,12.19,11.32,11.96,12.18,12.94,12.93,13.48,13.64,13.17
MRT,Mauritania,MtCO2e,7.19,7.04,7.23,7.14,7.21,7.75,8.05,8.34,8.92,9.35,9.46,9.54,9.72,9.74,9.89,10.27,10.53,9.93,10.72,11.3,11.4,11.81,11.75,12.34,13.02,11.17,12.14,12.51,12.91,12.97
KGZ,Kyrgyzstan,MtCO2e,29.11,21.52,16.73,11.58,8.89,9.79,9.67,9.9,8.52,8.44,8.87,9.84,10.47,10.62,10.31,10.43,11.64,12.73,12.38,12.09,12.79,15.41,14.9,15.53,15.87,12.9,12.72,14.85,13.67,12.83
BGR,Bulgaria,MtCO2e,59.48,53.66,52.22,48.27,49.49,50.06,46.98,43.39,36.58,36.03,36.6,33.91,38.78,37.53,37.52,37.47,41.66,39.26,31.77,33.42,50.75,45,39.85,42.44,45.13,20.58,22.72,19.49,17.65,12.61
BRN,Brunei,MtCO2e,6.3,6.6,7.04,7.33,7.73,7.85,8.46,11.81,7.52,7.94,7.89,7.88,9.05,8.49,8.35,11.06,10.55,11.4,11.2,10.5,9.82,9.78,9.56,9.53,8.76,9.41,9.8,10.1,9.65,12.23
SLV,El Salvador,MtCO2e,8.73,9.11,9.58,10.2,10.46,10.41,11.27,11.39,11.6,11.2,11.85,12.08,12.65,13.01,13.4,13.88,14.45,13.89,13.52,13.27,13.18,13.34,12.59,12.86,13.33,13.25,12.39,12.73,13.59,12.15
LVA,Latvia,MtCO2e,13.36,10.6,7.43,4.46,2.89,2.89,2.34,1.95,1.41,0.88,0.2,0.25,0.55,0.58,0.78,1.35,1.81,1.52,0.75,1.94,12.46,12.28,12.2,12.1,12.15,11.85,11.78,12.33,12.17,11.53
HTI,Haiti,MtCO2e,5.61,6.02,5.65,5.14,5.92,6.22,6.62,6.77,6.91,7.39,7.57,7.87,7.91,7.79,7.89,7.95,8.37,8.4,8.45,9.01,9.91,9.67,9.96,10.38,10.74,10.97,10.95,10.83,10.96,10.9
ARM,Armenia,MtCO2e,25.12,14.81,8.65,6.13,6.7,5.61,6.31,6.27,5.74,6.12,6.23,5.9,6.32,6.72,7.44,7.84,8.49,9.01,7.87,7.69,8.13,9.12,9.06,9.05,9.08,9.45,9.29,9.48,9.91,10.46
MKD,Macedonia,MtCO2e,13.23,12.44,12.45,11.99,11.6,13.17,12.01,12.76,11.83,11.5,11.51,10.91,11.68,11.48,11.77,11.77,12.27,12.06,11.37,11.25,12.14,11.71,10.79,10.42,10.15,10.03,10.53,10.01,10.9,9.77
SLE,Sierra Leone,MtCO2e,6.51,6.51,6.6,6.58,6.36,6.13,6.08,6.18,5.9,5.96,6.15,6.5,7.06,7.41,7.52,8.52,7.83,7.57,7.89,7.9,8.42,9.21,9.3,9.73,9.76,9.79,9.71,10.18,9.24,9.31
TGO,Togo,MtCO2e,6.09,5.78,5.66,5.93,5.89,6.49,6.25,7.21,7.62,7.12,5.08,5.52,6.13,5.86,6.76,6.18,5.86,6.19,7.68,7.51,7.99,7.54,7.43,7.17,7.92,8.19,8.03,8.39,8.77,9.24
LUX,Luxembourg,MtCO2e,12.05,11.74,11.95,11.1,8.96,9.04,8.54,7.87,8.26,8.89,9.49,10.28,10.7,12.15,12.39,12.18,11.6,11.52,10.93,11.52,11.66,11.43,10.92,10.4,9.89,9.56,9.74,10.04,10.22,8.54
ALB,Albania,MtCO2e,9.01,6.97,6.94,7.75,7.59,7.32,6.59,6.82,8.03,8.42,7,7.64,8.05,8.12,7.89,7.8,7.87,7.61,7.68,8.12,8.77,8.22,8.45,8.89,8.56,8.95,9.68,9.43,8.95,8.06
CYP,Cyprus,MtCO2e,5.9,6.32,6.6,6.85,6.74,7.13,7.21,7.54,7.82,8.09,7.81,8.04,8.71,8.65,8.76,8.9,9.23,9.45,9.27,8.95,8.64,8.13,7.42,7.82,7.9,8.35,8.49,8.31,8.29,7.86
RWA,Rwanda,MtCO2e,5.2,5.13,5.05,4.88,5.07,5.27,5.64,5.64,5.86,5.7,5.63,5.86,5.95,6.06,6.12,6.4,6.54,6.75,6.88,7.16,6.15,6.31,6.5,6.49,7.17,6.99,7.18,7.37,7.6,7.59
JAM,Jamaica,MtCO2e,9.34,10.15,10.35,10.39,10.73,11.07,11.22,11.77,12.09,12.2,9.34,9.52,9.94,9.85,9.81,11.02,10.95,8.54,6.8,6.4,9.14,8.62,9.08,8.89,8.78,9.22,8.93,10.33,10.15,7.58
BDI,Burundi,MtCO2e,6.56,6.55,6.53,6.43,6.59,6.63,6.7,6.74,6.84,6.88,4.77,4.76,4.74,4.79,4.85,5.01,5.08,5.21,5.36,5.7,0.97,1.04,1.43,1.42,1.43,6.77,7.38,7.6,7.25,7.14
CRI,Costa Rica,MtCO2e,11.22,12.36,12.44,12.86,12.45,12.42,12.47,13.19,12.99,12.84,10.24,10.25,10.62,10.63,11.16,11.49,12.9,13.04,12.61,12.74,6.61,6.6,7.11,7.11,7.03,7.83,8.12,8.43,8.4,7.08
BLZ,Belize,MtCO2e,13.33,13.41,13.54,13.66,12.56,11.41,10.41,9.42,8.28,7.3,4.03,4.12,4.41,3.96,4.12,4.13,4.34,4.28,4.42,4.49,7.15,6.62,6.83,6.7,6.94,6.68,6.74,6.65,6.9,6.96
ERI,Eritrea,MtCO2e,4.13,4.84,4.41,4.6,4.72,5.28,5.77,5.72,5.9,6.01,5.73,5.68,5.82,5.86,5.85,5.65,5.95,5.89,5.94,5.87,6.1,6.17,6.19,6.23,6.25,6.38,6.44,6.58,6.63,6.69
MUS,Mauritius,MtCO2e,2.38,2.47,2.63,2.7,2.76,2.93,3.04,3.32,3.84,4.29,4.5,4.52,4.71,4.74,4.92,5.35,5.49,5.6,5.6,5.87,5.84,6,6.13,6.33,6.38,6.5,6.7,6.72,6.82,6.41
TLS,Timor-Leste,MtCO2e,0.99,0.99,1.02,1.1,1.12,1.14,1.15,1.16,1.05,1.12,2.18,3.25,4.09,4.87,5.84,6.21,6.5,6.88,7.2,7.5,7.39,7.38,7.26,7.24,7.18,7,6.83,6.56,6.55,6.01
GNB,Guinea-Bissau,MtCO2e,3.25,3.28,3.32,3.34,3.37,2.97,3.01,3.23,3.58,3.28,3.49,3.66,3.76,3.8,3.74,4.07,4.06,3.78,3.84,3.99,3.88,4.37,4.08,4.2,4.47,4.15,4.08,4.18,4.22,4.26
LSO,Lesotho,MtCO2e,3.04,3.25,3.26,3.26,3.22,3.21,3.34,3.23,3.71,3.64,3.64,3.49,3.57,3.54,3.73,3.7,3.79,3.76,3.88,3.92,4.69,4.73,3.92,4.05,3.84,3.79,4.23,3.95,3.85,4.01
MNE,Montenegro,MtCO2e,3.57,3.58,3.41,3.37,3.51,3.76,3.91,4,3.43,3.68,0.05,0.15,0.28,0.29,0.09,0.14,-0.07,0.37,-0.71,0.01,4.03,3.79,3.65,3.55,3.66,3.44,3.58,3.78,3.85,3.79
BRB,Barbados,MtCO2e,3.16,3.13,3.11,3.2,3.24,3.28,3.38,3.46,3.54,3.53,3.56,3.54,3.58,3.63,3.66,3.69,3.72,3.99,3.98,3.87,3.93,3.9,3.88,3.74,3.74,3.78,3.69,3.79,3.71,3.65
ISL,Iceland,MtCO2e,3.94,3.74,3.7,3.78,3.71,3.97,3.94,4.08,4.05,4.09,3.93,3.99,3.96,4.02,3.96,4.44,4.46,4.36,4.03,3.9,3.66,3.65,3.81,3.87,3.92,3.46,3.51,3.53,3.46,3.27
GMB,Gambia,MtCO2e,5.18,5.29,5.41,4.94,4.47,4.15,3.83,3.56,3.49,3.13,2.6,2.37,2.28,2.19,2.05,2.14,2.19,2.33,2.69,2.74,2.42,2.5,2.57,2.71,2.93,2.82,2.87,2.74,2.92,2.98
SWZ,Eswatini,MtCO2e,2.76,2.62,2.34,3.02,3.01,2.8,2.78,2.86,2.87,2.66,2.53,2.54,2.55,2.54,2.56,2.48,2.73,2.65,2.6,2.49,2.46,2.46,2.64,2.67,2.68,2.78,2.78,2.8,2.96,2.88
BHS,Bahamas,MtCO2e,2.3,2.17,2.05,2.07,2.15,2.18,1.98,2.39,2.44,2.45,2.26,2.3,2.34,2.39,2.24,2.18,2.19,2.31,2.32,2.27,2.54,2.69,3.18,2.83,2.53,2.4,2.59,3.13,2.97,2.83
GRD,Grenada,MtCO2e,1.86,1.88,1.89,1.92,1.94,1.98,2,2.03,2.05,2.06,2.08,2.09,2.12,2.12,2.14,2.16,2.19,2.21,2.22,2.24,2.24,2.27,2.32,2.26,2.29,2.31,2.33,2.37,2.41,2.4
MLT,Malta,MtCO2e,2.43,2.41,3.05,2.76,2.63,2.57,2.73,2.64,2.68,2.41,2.79,2.62,2.92,2.93,2.98,3.06,3.15,3.09,2.9,3.01,2.99,3.16,2.83,2.84,2.16,1.87,2.02,2.04,2.14,2.08
MDV,Maldives,MtCO2e,0.21,0.28,0.26,0.26,0.32,0.35,0.41,0.39,0.51,0.55,0.58,0.71,0.63,0.8,0.74,0.91,0.94,1.01,1.07,1.13,1.2,1.36,1.37,1.62,1.63,1.81,1.94,2.22,2.49,1.99
DJI,Djibouti,MtCO2e,0.93,0.96,0.97,0.99,1.05,1.07,1.12,1.2,1.23,1.22,1.23,1.26,1.28,1.27,1.31,1.31,1.35,1.36,1.36,1.42,1.38,1.41,1.48,1.33,1.38,1.34,1.35,1.37,1.39,1.39
ATG,Antigua and Barbuda,MtCO2e,0.37,0.38,0.39,0.4,0.42,0.45,0.49,0.52,0.55,0.58,0.61,0.65,0.69,0.72,0.75,0.81,0.87,0.91,0.98,1,1.01,1.03,1.05,1.06,1.09,1.12,1.15,1.19,1.21,1.2
SYC,Seychelles,MtCO2e,0.24,0.24,0.26,0.28,0.28,0.31,0.36,0.38,0.4,0.38,0.41,0.44,0.44,0.48,0.48,0.49,0.51,0.52,0.56,0.56,0.53,0.55,0.54,0.59,0.64,0.71,0.72,0.76,0.76,0.77
CPV,Cape Verde,MtCO2e,-0.2,-0.16,-0.17,-0.19,-0.14,-0.15,-0.13,-0.1,-0.05,-0.05,0.44,0.48,0.5,0.51,0.54,0.6,0.54,0.56,0.6,0.64,0.66,0.63,0.61,0.6,0.61,0.66,0.68,0.69,0.72,0.73
LCA,Saint Lucia,MtCO2e,0.79,0.83,0.86,0.9,0.83,0.76,0.68,0.63,0.56,0.48,0.52,0.51,0.54,0.56,0.56,0.58,0.6,0.6,0.61,0.68,0.65,0.67,0.67,0.68,0.68,0.69,0.72,0.72,0.73,0.7
COM,Comoros,MtCO2e,0.32,0.33,0.34,0.34,0.35,0.35,0.36,0.37,0.38,0.36,0.38,0.39,0.41,0.42,0.46,0.46,0.38,0.41,0.44,0.48,0.48,0.49,0.53,0.52,0.54,0.56,0.63,0.65,0.68,0.68
WSM,Samoa,MtCO2e,0.45,0.45,0.47,0.49,0.5,0.52,0.52,0.54,0.54,0.54,0.57,0.58,0.58,0.59,0.59,0.59,0.6,0.58,0.59,0.63,0.65,0.65,0.65,0.67,0.71,0.7,0.7,0.71,0.69,0.65
VUT,Vanuatu,MtCO2e,0.5,0.52,0.54,0.55,0.56,0.58,0.58,0.58,0.59,0.57,0.55,0.55,0.57,0.55,0.57,0.57,0.69,0.7,0.69,0.71,0.73,0.73,0.72,0.78,0.71,0.64,0.65,0.68,0.64,0.59
AND,Andorra,MtCO2e,0.43,0.43,0.44,0.44,0.46,0.49,0.51,0.54,0.57,0.59,0.59,0.6,0.61,0.64,0.66,0.64,0.64,0.64,0.62,0.63,0.6,0.6,0.59,0.57,0.58,0.59,0.59,0.62,0.61,0.58
STP,Sao Tome and Principe,MtCO2e,0.07,0.07,0.07,0.07,0.07,0.07,0.07,0.08,0.08,0.08,0.08,0.09,0.1,0.1,0.11,0.11,0.11,0.12,0.13,0.14,0.34,0.36,0.37,0.37,0.37,0.38,0.38,0.39,0.39,0.4
KNA,Saint Kitts and Nevis,MtCO2e,0.19,0.19,0.2,0.21,0.21,0.22,0.23,0.24,0.25,0.27,0.28,0.29,0.29,0.31,0.29,0.3,0.32,0.32,0.33,0.33,0.34,0.32,0.32,0.32,0.33,0.34,0.34,0.35,0.35,0.33
BTN,Bhutan,MtCO2e,-5.72,-5.74,-5.76,-5.73,-5.64,-5.61,-5.53,-5.52,-5.47,-5.53,-5.6,-5.57,-5.61,-5.66,-5.49,-5.51,-5.43,-5.55,-5.53,-5.4,0.12,0.26,0.27,0.37,0.39,0.56,0.64,0.76,0.74,0.32
VCT,Saint Vincent and the Grenadines,MtCO2e,0.12,0.12,0.14,0.15,0.16,0.17,0.17,0.2,0.21,0.19,0.27,0.28,0.29,0.31,0.31,0.31,0.33,0.31,0.37,0.32,0.31,0.32,0.31,0.35,0.33,0.34,0.31,0.33,0.32,0.3
TON,Tonga,MtCO2e,0.26,0.25,0.26,0.26,0.26,0.24,0.24,0.24,0.25,0.23,0.23,0.23,0.26,0.25,0.25,0.27,0.26,0.26,0.28,0.26,0.25,0.25,0.26,0.26,0.25,0.27,0.28,0.28,0.31,0.27
DMA,Dominica,MtCO2e,0.25,0.24,0.25,0.25,0.25,0.23,0.24,0.23,0.23,0.25,0.2,0.16,0.17,0.19,0.2,0.21,0.22,0.22,0.22,0.23,0.21,0.23,0.23,0.24,0.24,0.23,0.22,0.22,0.23,0.22
PLW,Palau,MtCO2e,0.01,0.21,0.21,0.21,0.21,0.21,0.22,0.22,0.22,0.23,0.23,0.23,0.23,0.24,0.25,0.25,0.24,0.23,0.23,0.24,0.23,0.25,0.25,0.24,0.23,0.24,0.24,0.24,0.25,0.2
MHL,Marshall Islands,MtCO2e,0.03,0.11,0.11,0.12,0.12,0.12,0.12,0.13,0.13,0.13,0.14,0.15,0.15,0.15,0.15,0.16,0.17,0.17,0.17,0.18,0.18,0.18,0.18,0.18,0.19,0.19,0.2,0.2,0.2,0.16
FSM,Micronesia,MtCO2e,-0.02,0.12,0.13,0.14,0.22,0.23,0.24,0.25,0.23,0.22,0.21,0.19,0.2,0.19,0.16,0.16,0.17,0.15,0.19,0.14,0.16,0.18,0.18,0.19,0.19,0.19,0.19,0.2,0.2,0.16
LIE,Liechtenstein,MtCO2e,0.23,0.23,0.24,0.23,0.23,0.23,0.25,0.26,0.26,0.25,0.25,0.26,0.27,0.27,0.27,0.27,0.24,0.26,0.25,0.23,0.19,0.2,0.21,0.18,0.17,0.16,0.17,0.16,0.16,0.16
KIR,Kiribati,MtCO2e,0.04,0.04,0.05,0.04,0.05,0.05,0.05,0.05,0.05,0.06,0.05,0.06,0.07,0.07,0.08,0.09,0.08,0.09,0.08,0.08,0.08,0.08,0.09,0.09,0.09,0.09,0.1,0.1,0.1,0.09
COK,Cook Islands,MtCO2e,0.03,0.03,0.04,0.04,0.04,0.05,0.05,0.05,0.05,0.05,0.07,0.06,0.06,0.07,0.07,0.08,0.08,0.08,0.08,0.08,0.09,0.09,0.09,0.1,0.09,0.09,0.09,0.09,0.09,0.07
NRU,Nauru,MtCO2e,0.13,0.12,0.12,0.12,0.11,0.11,0.11,0.1,0.1,0.09,0.09,0.08,0.07,0.07,0.07,0.05,0.05,0.05,0.05,0.05,0.05,0.05,0.05,0.06,0.06,0.06,0.06,0.06,0.06,0.05
TUV,Tuvalu,MtCO2e,0.02,0.02,0.02,0.02,0.02,0.02,0.02,0.02,0.02,0.02,0.02,0.02,0.02,0.02,0.02,0.02,0.03,0.02,0.02,0.02,0.02,0.02,0.02,0.02,0.02,0.02,0.02,0.02,0.02,0.02
NIU,Niue,MtCO2e,0.01,0.01,0.01,0.01,0.01,0.01,0.01,0.01,0.01,0.01,0.01,0.01,0.01,0.01,0.01,0.01,0.01,0.01,0.01,0.01,0,0,0,0,0.01,0.01,0.01,0.01,0.01,0
FJI,Fiji,MtCO2e,-0.81,-0.77,-0.71,-0.66,-0.6,-0.55,-0.56,-0.6,-0.63,-0.6,-0.37,-0.55,-0.42,-0.11,-0.36,-0.25,-0.31,-0.54,-0.64,-0.31,-0.38,-0.44,-0.36,-0.77,-0.69,-0.77,-0.58,-0.49,-0.38,-0.81
Data source,Climate Watch,,,,,,,,,,,,,,,,,,,,,,,,,,,,,,,
Data for,Location: World. Sectors/Subsectors: Total including LUCF. Gases: All GHG. Calculation: Total. Show data by Countries,,,,,,,,,,,,,,,,,,,,,,,,,,,,,,,
